{
    "roi": {
        "width": 0, 
        "do_rectify": false, 
        "y_offset": 0, 
        "x_offset": 0, 
        "height": 0
    }, 
    "D": [
        -0.5675749999999999, 
        0.0, 
        0.0, 
        0.0, 
        0.0
    ], 
    "P": [
        2355.722801, 
        0.0, 
        988.138054, 
        0.0, 
        0.0, 
        2355.722801, 
        508.051838, 
        0.0, 
        0.0, 
        0.0, 
        1.0, 
        0.0
    ], 
    "width": 1920, 
    "K": [
        2612.86, 
        0.0, 
        966.525, 
        0.0, 
        2612.86, 
        508.297, 
        0.0, 
        0.0, 
        1.0
    ], 
    "height": 1024, 
    "header": {
        "stamp": {
            "secs": 1517930040, 
            "nsecs": 610230780
        }, 
        "frame_id": "cam_stereo_left_optical", 
        "seq": 259044
    }, 
    "R": [
        0.9999929999999999, 
        -0.001011, 
        -0.003531, 
        0.0010019999999999999, 
        0.999996, 
        -0.002456, 
        0.0035329999999999997, 
        0.002453, 
        0.999991
    ], 
    "binning_y": 0, 
    "binning_x": 0, 
    "distortion_model": "plumb_bob"
}