{
    "roi": {
        "width": 0, 
        "do_rectify": false, 
        "y_offset": 0, 
        "x_offset": 0, 
        "height": 0
    }, 
    "D": [
        -0.556045, 
        0.0, 
        0.0, 
        0.0, 
        0.0
    ], 
    "P": [
        2355.722801, 
        0.0, 
        988.138054, 
        -478.200589, 
        0.0, 
        2355.722801, 
        508.051838, 
        0.0, 
        0.0, 
        0.0, 
        1.0, 
        0.0
    ], 
    "width": 1920, 
    "K": [
        2672.04, 
        0.0, 
        980.493, 
        0.0, 
        2672.04, 
        508.364, 
        0.0, 
        0.0, 
        1.0
    ], 
    "height": 1024, 
    "header": {
        "stamp": {
            "secs": 1517930040, 
            "nsecs": 610230780
        }, 
        "frame_id": "cam_stereo_right_optical", 
        "seq": 259044
    }, 
    "R": [
        0.9999889999999999, 
        -0.002611, 
        -0.003945, 
        0.00262, 
        0.9999939999999999, 
        0.002449, 
        0.003938, 
        -0.00246, 
        0.9999889999999999
    ], 
    "binning_y": 0, 
    "binning_x": 0, 
    "distortion_model": "plumb_bob"
}
